{
  "impulse": {
    "n_runs": 40,
    "rival_pre": 5.020833333333334,
    "rival_trough": 4.583333333333336,
    "rival_end": 5.041666666666668,
    "deviator_path": [
      5.041666666666668,
      5.000000000000001,
      5.041666666666668,
      5.083333333333334,
      5.041666666666668,
      5.000000000000001,
      5.041666666666668,
      5.083333333333334,
      0.0,
      5.000000000000001,
      4.916666666666668,
      5.083333333333334,
      4.625000000000002,
      5.000000000000001,
      5.208333333333334,
      5.083333333333334,
      5.041666666666668,
      5.000000000000001,
      5.291666666666668,
      5.083333333333334,
      5.041666666666668,
      5.000000000000001,
      5.291666666666668,
      5.083333333333334,
      5.041666666666668,
      5.000000000000001,
      5.291666666666668,
      5.083333333333334,
      5.041666666666668,
      5.000000000000001,
      5.291666666666668,
      5.083333333333334,
      5.041666666666668
    ],
    "rival_path": [
      5.041666666666668,
      4.916666666666667,
      5.000000000000001,
      5.125000000000001,
      5.041666666666668,
      4.916666666666667,
      5.000000000000001,
      5.125000000000001,
      5.041666666666668,
      5.916666666666667,
      5.000000000000001,
      4.583333333333336,
      5.041666666666668,
      4.833333333333334,
      5.000000000000001,
      5.291666666666668,
      5.041666666666668,
      4.958333333333334,
      5.000000000000001,
      5.250000000000002,
      5.041666666666668,
      4.958333333333334,
      5.000000000000001,
      5.250000000000002,
      5.041666666666668,
      4.958333333333334,
      5.000000000000001,
      5.250000000000002,
      5.041666666666668,
      4.958333333333334,
      5.000000000000001,
      5.250000000000002,
      5.041666666666668
    ],
    "x": [
      -8,
      -7,
      -6,
      -5,
      -4,
      -3,
      -2,
      -1,
      0,
      1,
      2,
      3,
      4,
      5,
      6,
      7,
      8,
      9,
      10,
      11,
      12,
      13,
      14,
      15,
      16,
      17,
      18,
      19,
      20,
      21,
      22,
      23,
      24
    ]
  },
  "q_vs_mean_test": {
    "k_q": 56,
    "k_mean": 89,
    "N": 100,
    "p_q": 0.56,
    "p_mean": 0.89,
    "z": 5.225930044268312,
    "p_value": 1.7328186996401485e-07
  }
}