{
  "baseline_config": {
    "n": 2,
    "K": 7,
    "T": 30000,
    "alpha": 0.1,
    "gamma": 0.95,
    "epsilon": 0.1,
    "decay": 0.0003,
    "c": 1.0,
    "p_min": 0.0,
    "p_max": 10.0,
    "T0": 2000,
    "H_star": 1.0,
    "p_star": 2.0
  },
  "baseline_MC": {
    "Competitive": {
      "pct": 0.0,
      "se": 0.0,
      "count": 0
    },
    "Collusive": {
      "pct": 56.00000000000001,
      "se": 4.963869458396342,
      "count": 56
    },
    "Chaotic": {
      "pct": 44.0,
      "se": 4.963869458396343,
      "count": 44
    },
    "mean_delta": 0.43023796296296296,
    "n": 100
  },
  "q_vs_mean": {
    "q": {
      "Competitive": {
        "pct": 0.0,
        "se": 0.0,
        "count": 0
      },
      "Collusive": {
        "pct": 56.00000000000001,
        "se": 4.963869458396342,
        "count": 56
      },
      "Chaotic": {
        "pct": 44.0,
        "se": 4.963869458396343,
        "count": 44
      },
      "mean_delta": 0.43023796296296296,
      "n": 100
    },
    "mean": {
      "Competitive": {
        "pct": 8.0,
        "se": 2.7129319932501073,
        "count": 8
      },
      "Collusive": {
        "pct": 89.0,
        "se": 3.1288975694324024,
        "count": 89
      },
      "Chaotic": {
        "pct": 3.0,
        "se": 1.7058722109231979,
        "count": 3
      },
      "mean_delta": 0.23409259259259257,
      "n": 100
    }
  },
  "three_firm_MC": {
    "Competitive": {
      "pct": 0.0,
      "se": 0.0,
      "count": 0
    },
    "Collusive": {
      "pct": 0.0,
      "se": 0.0,
      "count": 0
    },
    "Chaotic": {
      "pct": 100.0,
      "se": 0.0,
      "count": 100
    },
    "mean_delta": 0.23444814814814813,
    "n": 100
  },
  "sensitivity": {
    "gamma=0.2": {
      "Competitive": {
        "pct": 16.666666666666664,
        "se": 6.804138174397717,
        "count": 5
      },
      "Collusive": {
        "pct": 83.33333333333334,
        "se": 6.804138174397716,
        "count": 25
      },
      "Chaotic": {
        "pct": 0.0,
        "se": 0.0,
        "count": 0
      },
      "mean_delta": 0.23210802469135805,
      "n": 30
    },
    "gamma=0.5": {
      "Competitive": {
        "pct": 3.3333333333333335,
        "se": 3.2773069341672505,
        "count": 1
      },
      "Collusive": {
        "pct": 96.66666666666667,
        "se": 3.2773069341672496,
        "count": 29
      },
      "Chaotic": {
        "pct": 0.0,
        "se": 0.0,
        "count": 0
      },
      "mean_delta": 0.2745864197530864,
      "n": 30
    },
    "gamma=0.8": {
      "Competitive": {
        "pct": 0.0,
        "se": 0.0,
        "count": 0
      },
      "Collusive": {
        "pct": 93.33333333333333,
        "se": 4.554200340426488,
        "count": 28
      },
      "Chaotic": {
        "pct": 6.666666666666667,
        "se": 4.554200340426489,
        "count": 2
      },
      "mean_delta": 0.3254475308641975,
      "n": 30
    },
    "gamma=0.95": {
      "Competitive": {
        "pct": 0.0,
        "se": 0.0,
        "count": 0
      },
      "Collusive": {
        "pct": 56.666666666666664,
        "se": 9.047201327032125,
        "count": 17
      },
      "Chaotic": {
        "pct": 43.333333333333336,
        "se": 9.047201327032125,
        "count": 13
      },
      "mean_delta": 0.4481512345679012,
      "n": 30
    },
    "epsilon=0.10 (decaying, base)": {
      "Competitive": {
        "pct": 0.0,
        "se": 0.0,
        "count": 0
      },
      "Collusive": {
        "pct": 56.666666666666664,
        "se": 9.047201327032125,
        "count": 17
      },
      "Chaotic": {
        "pct": 43.333333333333336,
        "se": 9.047201327032125,
        "count": 13
      },
      "mean_delta": 0.4481512345679012,
      "n": 30
    },
    "epsilon=0.10 (constant)": {
      "Competitive": {
        "pct": 0.0,
        "se": 0.0,
        "count": 0
      },
      "Collusive": {
        "pct": 13.333333333333334,
        "se": 6.206328908341751,
        "count": 4
      },
      "Chaotic": {
        "pct": 86.66666666666667,
        "se": 6.206328908341751,
        "count": 26
      },
      "mean_delta": 0.31614197530864196,
      "n": 30
    },
    "epsilon=0.30 (constant)": {
      "Competitive": {
        "pct": 0.0,
        "se": 0.0,
        "count": 0
      },
      "Collusive": {
        "pct": 0.0,
        "se": 0.0,
        "count": 0
      },
      "Chaotic": {
        "pct": 100.0,
        "se": 0.0,
        "count": 30
      },
      "mean_delta": 0.2277685185185185,
      "n": 30
    },
    "grid K=7": {
      "Competitive": {
        "pct": 0.0,
        "se": 0.0,
        "count": 0
      },
      "Collusive": {
        "pct": 56.666666666666664,
        "se": 9.047201327032125,
        "count": 17
      },
      "Chaotic": {
        "pct": 43.333333333333336,
        "se": 9.047201327032125,
        "count": 13
      },
      "mean_delta": 0.4481512345679012,
      "n": 30
    },
    "grid K=11": {
      "Competitive": {
        "pct": 0.0,
        "se": 0.0,
        "count": 0
      },
      "Collusive": {
        "pct": 10.0,
        "se": 5.477225575051661,
        "count": 3
      },
      "Chaotic": {
        "pct": 90.0,
        "se": 5.47722557505166,
        "count": 27
      },
      "mean_delta": 0.3293740740740741,
      "n": 30
    },
    "grid K=21": {
      "Competitive": {
        "pct": 0.0,
        "se": 0.0,
        "count": 0
      },
      "Collusive": {
        "pct": 3.3333333333333335,
        "se": 3.2773069341672505,
        "count": 1
      },
      "Chaotic": {
        "pct": 96.66666666666667,
        "se": 3.2773069341672496,
        "count": 29
      },
      "mean_delta": 0.33356481481481476,
      "n": 30
    },
    "grid K=41": {
      "Competitive": {
        "pct": 0.0,
        "se": 0.0,
        "count": 0
      },
      "Collusive": {
        "pct": 3.3333333333333335,
        "se": 3.2773069341672505,
        "count": 1
      },
      "Chaotic": {
        "pct": 96.66666666666667,
        "se": 3.2773069341672496,
        "count": 29
      },
      "mean_delta": 0.2951032407407406,
      "n": 30
    },
    "horizon T=5000": {
      "Competitive": {
        "pct": 0.0,
        "se": 0.0,
        "count": 0
      },
      "Collusive": {
        "pct": 10.0,
        "se": 5.477225575051661,
        "count": 3
      },
      "Chaotic": {
        "pct": 90.0,
        "se": 5.47722557505166,
        "count": 27
      },
      "mean_delta": 0.33262962962962955,
      "n": 30
    },
    "horizon T=15000": {
      "Competitive": {
        "pct": 0.0,
        "se": 0.0,
        "count": 0
      },
      "Collusive": {
        "pct": 30.0,
        "se": 8.366600265340756,
        "count": 9
      },
      "Chaotic": {
        "pct": 70.0,
        "se": 8.366600265340757,
        "count": 21
      },
      "mean_delta": 0.3857623456790124,
      "n": 30
    },
    "horizon T=30000": {
      "Competitive": {
        "pct": 0.0,
        "se": 0.0,
        "count": 0
      },
      "Collusive": {
        "pct": 56.666666666666664,
        "se": 9.047201327032125,
        "count": 17
      },
      "Chaotic": {
        "pct": 43.333333333333336,
        "se": 9.047201327032125,
        "count": 13
      },
      "mean_delta": 0.4481512345679012,
      "n": 30
    },
    "horizon T=60000": {
      "Competitive": {
        "pct": 0.0,
        "se": 0.0,
        "count": 0
      },
      "Collusive": {
        "pct": 76.66666666666667,
        "se": 7.722022379508468,
        "count": 23
      },
      "Chaotic": {
        "pct": 23.333333333333332,
        "se": 7.722022379508468,
        "count": 7
      },
      "mean_delta": 0.4904475308641975,
      "n": 30
    },
    "firms n=2": {
      "Competitive": {
        "pct": 0.0,
        "se": 0.0,
        "count": 0
      },
      "Collusive": {
        "pct": 56.666666666666664,
        "se": 9.047201327032125,
        "count": 17
      },
      "Chaotic": {
        "pct": 43.333333333333336,